{"0":{"0":0.0,"1":28325.1050285934,"2":6016.8481048452,"3":2873.4167167643,"4":2016.9793972477,"5":1498.0628178532},"1":{"0":0.0,"1":28861.6611946796,"2":5409.8939027001,"3":2632.5827326753,"4":1878.361431588,"5":1425.8803680725},"2":{"0":0.0,"1":31293.3963056865,"2":5509.1595683149,"3":2931.5371727434,"4":1908.6811944127,"5":1529.6888724594},"3":{"0":0.0,"1":31223.1307231283,"2":5608.4696605124,"3":2851.2214579303,"4":1812.8281489246,"5":1445.2520587075},"4":{"0":0.0,"1":30626.5340876644,"2":5870.9006819908,"3":2887.4514739354,"4":1919.0684215779,"5":1462.6706196896},"5":{"0":0.0,"1":32097.8289130065,"2":5285.5608967312,"3":2874.374285008,"4":1905.5983743588,"5":1484.2082720388},"6":{"0":0.0,"1":31390.6868465459,"2":5757.4481290372,"3":2887.9851630204,"4":2055.4361284962,"5":1440.2104029182},"7":{"0":0.0,"1":30892.0650862138,"2":5896.0938246206,"3":2837.2810683542,"4":1872.2199758613,"5":1530.074706144},"8":{"0":0.0,"1":29742.3834279084,"2":5176.9994822123,"3":2907.1604985284,"4":2025.0139799312,"5":1540.7038125572},"9":{"0":0.0,"1":28763.2837002034,"2":4907.1563279683,"3":2711.8575478655,"4":1865.5812413006,"5":1503.3716582287},"10":{"0":0.0,"1":28060.8098708347,"2":6404.9522961485,"3":2858.747877437,"4":1945.2132005128,"5":1559.2687374094},"11":{"0":0.0,"1":29281.4136914855,"2":5238.9037389483,"3":2949.2276198307,"4":2048.8844408765,"5":1453.6277091211},"12":{"0":0.0,"1":29815.1944859442,"2":5732.4839945348,"3":2939.3559640853,"4":1907.769829227,"5":1484.0261177698},"13":{"0":0.0,"1":28897.8987083175,"2":5160.6785866354,"3":2951.4275522306,"4":1916.8459589685,"5":1487.8578459703},"14":{"0":0.0,"1":31109.9509693212,"2":5801.6954692282,"3":2695.5555117588,"4":2065.3836432335,"5":1431.1381043367},"15":{"0":0.0,"1":31217.6659224409,"2":5246.7501826959,"3":2797.8482432692,"4":1900.189877892,"5":1498.1320131349},"16":{"0":0.0,"1":29488.5747479668,"2":5536.3034972777,"3":2675.2947210435,"4":2018.3732518348,"5":1449.6379500391},"17":{"0":0.0,"1":31376.7755709475,"2":5713.5672884494,"3":2752.9316521697,"4":2030.3874085621,"5":1450.3242563169},"18":{"0":0.0,"1":31563.9896947832,"2":6189.1366287021,"3":2855.3577448866,"4":2077.933495285,"5":1433.4918451823},"19":{"0":0.0,"1":30441.5988440016,"2":6141.5906078887,"3":2836.1432892488,"4":1864.4001703994,"5":1532.4831593838},"20":{"0":0.0,"1":28704.5974393295,"2":5587.8438449745,"3":2814.0008441094,"4":1893.2506558308,"5":1429.1918267404},"21":{"0":0.0,"1":30695.1133567429,"2":5593.9654635658,"3":2759.80562928,"4":1898.6380932548,"5":1466.9706804807},"22":{"0":0.0,"1":29255.7064835066,"2":5448.9886301908,"3":2919.87982994,"4":2038.9308208421,"5":1375.0611607045},"23":{"0":0.0,"1":30852.846154242,"2":5580.4238929133,"3":3002.3727311016,"4":1775.5437692726,"5":1457.6756695369},"24":{"0":0.0,"1":29269.8771560682,"2":5963.9742026671,"3":2781.244038918,"4":1836.457703243,"5":1420.8279391088},"25":{"0":0.0,"1":30537.7966220738,"2":5712.3891412106,"3":2877.4144358699,"4":1991.9500820365,"5":1590.1136657369},"26":{"0":0.0,"1":31350.0596239519,"2":5896.3870235568,"3":2985.5808454984,"4":1964.3002263447,"5":1458.2641775218},"27":{"0":0.0,"1":29457.1024245624,"2":5571.0165419474,"3":2923.3217669573,"4":1938.5740836381,"5":1490.0252793201},"28":{"0":0.0,"1":27754.0750711808,"2":5767.9054041723,"3":2824.9493853398,"4":1978.7142629535,"5":1504.9478028226},"29":{"0":0.0,"1":31514.7026868761,"2":5070.650852331,"3":2861.5535555282,"4":2011.5967757737,"5":1547.8811781133},"30":{"0":0.0,"1":29452.0761237372,"2":5517.7020505653,"3":2807.8252917015,"4":1985.3568964959,"5":1475.3395082567},"31":{"0":0.0,"1":29097.0723756868,"2":5427.996498898,"3":2635.5316002879,"4":1925.9575192096,"5":1434.7750886202},"32":{"0":0.0,"1":31681.8602203722,"2":5933.0333624827,"3":2872.6579888658,"4":2019.7842497346,"5":1425.6570548434},"33":{"0":0.0,"1":31901.9280110654,"2":4849.3160295262,"3":2940.6507993307,"4":2045.0595923703,"5":1444.3339077309},"34":{"0":0.0,"1":29165.0095928287,"2":5269.3882755324,"3":2797.696805307,"4":1845.8917540746,"5":1528.555356058},"35":{"0":0.0,"1":27196.3245755218,"2":5645.6563490988,"3":2927.8236483908,"4":1819.839947435,"5":1434.3482232371},"36":{"0":0.0,"1":31621.2302604556,"2":5614.9562918435,"3":3195.5541674393,"4":1891.2632995604,"5":1441.8287876951},"37":{"0":0.0,"1":29203.1712279165,"2":6002.2745487336,"3":2830.9805292558,"4":2008.0696458859,"5":1412.2409941279},"38":{"0":0.0,"1":29125.6950202949,"2":5773.4345606404,"3":2669.0424051451,"4":2094.6408820005,"5":1420.8081599517},"39":{"0":0.0,"1":31476.2577583188,"2":5617.3135301407,"3":2640.0548170528,"4":1899.9572393493,"5":1441.6262771079},"40":{"0":0.0,"1":29410.5042176271,"2":5256.6507527457,"3":2747.0554697094,"4":1979.0010664982,"5":1467.9319269651},"41":{"0":0.0,"1":27398.7964162043,"2":5594.7057053071,"3":2860.711116121,"4":2022.1564087858,"5":1439.4952808711},"42":{"0":0.0,"1":31224.9224833269,"2":5403.8648417405,"3":2865.9519153133,"4":2005.6678344151,"5":1480.6541770533},"43":{"0":0.0,"1":30519.195621901,"2":5032.3047744289,"3":2813.841940094,"4":1890.69609564,"5":1500.3413741075},"44":{"0":0.0,"1":31245.0801981559,"2":5359.211325429,"3":2977.6217131556,"4":1879.5252982478,"5":1484.7178974794},"45":{"0":0.0,"1":30390.5440261598,"2":5839.3514720646,"3":3003.1009741863,"4":1982.5083688873,"5":1446.7319731581},"46":{"0":0.0,"1":27149.817715214,"2":5359.4271829669,"3":3024.120721503,"4":1929.172892723,"5":1447.9869175511},"47":{"0":0.0,"1":28497.6521780672,"2":5654.1280460669,"3":3116.9512288174,"4":1976.3478965247,"5":1510.5065458786},"48":{"0":0.0,"1":30669.4342008759,"2":5736.4153595369,"3":2886.5688558061,"4":1993.1033568057,"5":1406.9602264572},"49":{"0":0.0,"1":27550.7187603175,"2":5123.8758602828,"3":2842.0744510331,"4":2125.3951996268,"5":1398.9608080082},"50":{"0":0.0,"1":31891.6100973122,"2":5943.3070547088,"3":2714.813898393,"4":1924.6267761955,"5":1362.2239243284},"51":{"0":0.0,"1":30800.6617572848,"2":5279.0616619197,"3":2962.3025409156,"4":2063.5002298466,"5":1520.729910815},"52":{"0":0.0,"1":28840.8154204681,"2":5288.2799025288,"3":2839.3172292491,"4":1905.5451409623,"5":1499.2585576285},"53":{"0":0.0,"1":28651.5107518859,"2":5647.2816265896,"3":2764.0095403394,"4":1963.6239808859,"5":1482.5847653393},"54":{"0":0.0,"1":30617.3856861988,"2":5196.5046505362,"3":2593.3887097576,"4":1973.7982429532,"5":1440.510449758},"55":{"0":0.0,"1":28623.788840163,"2":5711.0210969389,"3":2911.680963634,"4":1961.5542754651,"5":1492.3039540034},"56":{"0":0.0,"1":29964.6835703871,"2":5381.0481153378,"3":2911.3667762488,"4":1875.0783681926,"5":1477.8824045497},"57":{"0":0.0,"1":31908.7548933049,"2":5568.8235793024,"3":2961.1180221129,"4":1937.1543089254,"5":1502.9180922648},"58":{"0":0.0,"1":31562.6486798006,"2":5864.6351425816,"3":3027.5080320239,"4":2017.1035018568,"5":1433.4335175424},"59":{"0":0.0,"1":27882.8735664662,"2":5525.7646852737,"3":3032.9172561993,"4":2038.4349686344,"5":1467.7049043611},"60":{"0":0.0,"1":30161.5599566924,"2":5266.2352220751,"3":2735.1551889397,"4":1982.6544358681,"5":1471.076026473},"61":{"0":0.0,"1":29594.2421573377,"2":5175.1474902133,"3":2859.9880439232,"4":1872.2433254373,"5":1474.9001273021},"62":{"0":0.0,"1":31195.5714656476,"2":5074.3039068423,"3":2976.8852196356,"4":1902.4973160557,"5":1525.9421694143},"63":{"0":0.0,"1":27715.0496727345,"2":6229.5804843515,"3":2617.3545946843,"4":1976.7678530267,"5":1530.4102521063},"64":{"0":0.0,"1":30657.8814446106,"2":5371.5000056667,"3":2849.6443044047,"4":1878.7254312424,"5":1543.1644981665},"65":{"0":0.0,"1":29423.4059253971,"2":5603.4320525947,"3":2743.8928047318,"4":1944.7442110126,"5":1452.6469977204},"66":{"0":0.0,"1":28690.071760188,"2":6247.8166175667,"3":2740.3186266383,"4":1897.9400432075,"5":1519.9614884482},"67":{"0":0.0,"1":29896.4923987547,"2":6001.0411538412,"3":2717.8049397964,"4":1996.406306745,"5":1495.5894788612},"68":{"0":0.0,"1":28536.2273243076,"2":5411.5185562512,"3":2923.1275996568,"4":1964.3790106791,"5":1383.3427764343},"69":{"0":0.0,"1":28901.2182818215,